auc,acc,f1,precision,recall,fold
0.9129218677762369,0.8197115384615384,0.8251748251748252,0.8082191780821918,0.8428571428571429,1.0
0.9098109351047521,0.8385542168674699,0.8416075650118203,0.8317757009345794,0.8516746411483254,2.0
0.8830073860733033,0.7951807228915663,0.8089887640449438,0.7627118644067796,0.861244019138756,3.0
0.8981047057184002,0.8265060240963855,0.8356164383561644,0.7991266375545851,0.8755980861244019,4.0
0.894179402610675,0.8265060240963855,0.8333333333333334,0.8071748878923767,0.861244019138756,5.0
0.8996048594566736,0.8212917052826691,0.8289441851842174,0.8018016537741024,0.8585235816814765,3.0
